url,demo,price,name,author
http://childthemes.premiumpress.com/product/computer-shop/,http://sp1.wlthemes.com/?skin=shop_computer,,Healthy Lifestyle,
http://childthemes.premiumpress.com/product/tool-comparison/,http://cm1.wlthemes.com/?skin=compare_tools,,Company Styles,
http://childthemes.premiumpress.com/product/coupon-orange/,http://cp1.wlthemes.com/?skin=coupon_orange,,Wow Pink,
http://www.premiumpress.com/jobboardtheme/,http://www.premiumpress.com/demo/jobboardtheme,,Responsive Job Board Theme,
http://childthemes.premiumpress.com/product/miggilo/,http://dp1.wlthemes.com/?skin=adv_miggilo,,Rocky Red,
http://childthemes.premiumpress.com/product/coupon-yellow/,http://cp1.wlthemes.com/?skin=coupon_yellow,,Square Business,
http://childthemes.premiumpress.com/product/health-shop/,http://sp1.wlthemes.com/?skin=shop_health,,Pink Shopper,
http://www.premiumpress.com/auctiontheme/,http://www.premiumpress.com/demo/auctiontheme,,Responsive Auction Theme,
http://childthemes.premiumpress.com/product/green-diamond/,http://cp1.wlthemes.com/?skin=coupon_green_diamond,,Wow Pink,
http://childthemes.premiumpress.com/product/red-real-estate/,http://rt1.wlthemes.com/?skin=realestate_red,,Camera Shop,
http://www.premiumpress.com/musictheme/,http://www.premiumpress.com/demo/musictheme,,Responsive Music Theme,
http://www.premiumpress.com/comparisontheme/,http://www.premiumpress.com/demo/comparisontheme,,Price Comparison Theme,
http://www.premiumpress.com/classifiedsscript/,http://www.premiumpress.com/demo/classifiedsscript,,Responsive Classifieds Theme,
http://childthemes.premiumpress.com/product/music-glob/,http://dp1.wlthemes.com/?skin=basic_Music-Globe,,Healthy Lifestyle,
http://www.premiumpress.com/realestatetheme/,http://www.premiumpress.com/demo/realestatetheme,,Responsive Real Estate Theme,
http://www.premiumpress.com/videotheme/,http://www.premiumpress.com/demo/videotheme,,Responsive Video Sharing Theme,
http://www.premiumpress.com/shoptheme/,http://www.premiumpress.com/demo/shoptheme,,Responsive Shopping Cart Theme,
http://childthemes.premiumpress.com/product/new-wave/,http://dp1.wlthemes.com/?skin=basic_New-Wave,,Baby Classifieds,
http://childthemes.premiumpress.com/product/dablu/,http://dp1.wlthemes.com/?skin=basic_Dablu,,Black Shade,
http://childthemes.premiumpress.com/product/news-top/,http://dp1.wlthemes.com/?skin=basic_News-Top,,Purple Shopper,
http://childthemes.premiumpress.com/product/go-natty/,http://dp1.wlthemes.com/?skin=basic_Go-Natty,,Pet Shop,
http://childthemes.premiumpress.com/product/pinkflo/,http://dp1.wlthemes.com/?skin=basic_PinkFlo,,Red Real Estate,
http://www.premiumpress.com/coupontheme/,http://www.premiumpress.com/demo/coupontheme,,Responsive Coupon Theme,
http://www.premiumpress.com/directorytheme/,http://www.premiumpress.com/demo/directorytheme,,Directory Theme for WordPress,
http://childthemes.premiumpress.com/product/black-shade/,http://dp1.wlthemes.com/?skin=basic_BlackShade,,Flower Shop,
http://childthemes.premiumpress.com/product/healthy-lifestyle/,http://dp1.wlthemes.com/?skin=basic_Healthy-Lifestyle,,Blue Planet,
http://childthemes.premiumpress.com/product/company-styles/,http://dp1.wlthemes.com/?skin=basic_CompanyStyle,,PinkFlo,
http://childthemes.premiumpress.com/product/blackpink/,http://dp1.wlthemes.com/?skin=basic_BlackPink,,Tall Trees,
http://childthemes.premiumpress.com/product/vacation-time/,http://dp1.wlthemes.com/?skin=basic_VacationTime,,Pink Shopper,
http://childthemes.premiumpress.com/product/fashion-shop/,http://sp1.wlthemes.com/?skin=shop_fashion,,TechFlow,
http://childthemes.premiumpress.com/product/lemisto/,http://dp1.wlthemes.com/?skin=basic_Lemisto,,iGreat,
http://childthemes.premiumpress.com/product/blue-cosmos/,http://dp1.wlthemes.com/?skin=basic_Blue-Cosmos,,CityNews,
http://childthemes.premiumpress.com/product/square-business/,http://dp1.wlthemes.com/?skin=basic_Square-Business,,Blue Shopper,
http://childthemes.premiumpress.com/product/igreat/,http://dp1.wlthemes.com/?skin=basic_iGreat,,Spot,
http://childthemes.premiumpress.com/product/spot/,http://dp1.wlthemes.com/?skin=basic_Spot,,Dinata,
http://childthemes.premiumpress.com/product/caesar/,http://dp1.wlthemes.com/?skin=basic_Caesar,,Purple Shopper,
http://childthemes.premiumpress.com/product/simply-done/,http://dp1.wlthemes.com/?skin=basic_SimplyDone,,Camera Shop,
http://childthemes.premiumpress.com/product/newday/,http://dp1.wlthemes.com/?skin=basic_NewDay,,Tall Trees,
http://childthemes.premiumpress.com/product/wildfly/,http://dp1.wlthemes.com/?skin=basic_WildFly,,News Top,
http://childthemes.premiumpress.com/product/traveling/,http://dp1.wlthemes.com/?skin=basic_Traveling,,Brown Shopper,
http://childthemes.premiumpress.com/product/baby-shop/,http://sp1.wlthemes.com/?skin=basic_BabyShop,,Dablu,
http://childthemes.premiumpress.com/product/lift/,http://dp1.wlthemes.com/?skin=basic_Lifty,,Spot,
http://childthemes.premiumpress.com/product/red-shopper/,http://sp1.wlthemes.com/?skin=basic_shop_red,,Flower Shop,
http://childthemes.premiumpress.com/product/wow-pink/,http://dp1.wlthemes.com/?skin=basic_WowPink,,Baby Shop,
http://childthemes.premiumpress.com/product/ebook-shop/,http://sp1.wlthemes.com/?skin=basic_eBookShop,,Light Green Shopper,
http://childthemes.premiumpress.com/product/car-classifieds/,http://ct1.wlthemes.com/?skin=classifieds_cars,,Light Green Shopper,
http://childthemes.premiumpress.com/product/blue-shopper/,http://sp1.wlthemes.com/?skin=basic_shop_blue,,Go Natty,
http://childthemes.premiumpress.com/product/golf-shop/,http://sp1.wlthemes.com/?skin=basic_GolfShop,,Computer Shop,
http://childthemes.premiumpress.com/product/mobile-shop/,http://sp1.wlthemes.com/?skin=basic_MobileShop,,Edu,
http://childthemes.premiumpress.com/product/baby-classifieds/,http://ct1.wlthemes.com/?skin=classifieds_baby,,Black Shade,
http://childthemes.premiumpress.com/product/boating-classifieds/,http://ct1.wlthemes.com/?skin=classifieds_boats,,Miggilo,
http://childthemes.premiumpress.com/product/computer-classifieds/,http://ct1.wlthemes.com/?skin=classifieds_computers,,Mobile Classifieds,
http://childthemes.premiumpress.com/product/dinata/,http://dp1.wlthemes.com/?skin=basic_Dinata,,Dablu,
http://childthemes.premiumpress.com/product/techflow/,http://dp1.wlthemes.com/?skin=basic_TechFlow,,CityNews,
http://childthemes.premiumpress.com/product/nettech/,http://dp1.wlthemes.com/?skin=basic_NetTech,,iGreat,
http://childthemes.premiumpress.com/product/nexia/,http://dp1.wlthemes.com/?skin=basic_Nexia,,Lift,
http://childthemes.premiumpress.com/product/practis/,http://dp1.wlthemes.com/?skin=basic_Practis,,Company Styles,
http://childthemes.premiumpress.com/product/art-classifieds/,http://ct1.wlthemes.com/?skin=classifieds_art,,Mobile Classifieds,
http://childthemes.premiumpress.com/product/mobile-classifieds/,http://ct1.wlthemes.com/?skin=classifieds_mobiles,,Baby Shop,
http://childthemes.premiumpress.com/product/edu/,http://dp1.wlthemes.com/?skin=basic_Edu,,Rocky Red,
http://childthemes.premiumpress.com/product/flower-shop/,http://sp1.wlthemes.com/?skin=basic_FlowerShop,,Simply Done,
http://childthemes.premiumpress.com/product/citynews/,http://dp1.wlthemes.com/?skin=basic_CityNews,,Flower Shop,
http://childthemes.premiumpress.com/product/rocky-red/,http://dp1.wlthemes.com/?skin=basic_RockyRed,,WildFly,
http://childthemes.premiumpress.com/product/clear-blue/,http://dp1.wlthemes.com/?skin=wlt_clearblue,,Health Shop,
http://childthemes.premiumpress.com/product/camera-shop/,http://sp1.wlthemes.com/?skin=basic_CameraShop,,Healthy Lifestyle,
http://childthemes.premiumpress.com/product/blue-planet/,http://dp1.wlthemes.com/?skin=wlt_blueplanet,,Camera Shop,
http://childthemes.premiumpress.com/product/search-me/,http://dp1.wlthemes.com/?skin=wlt_searchme,,Dinata,
http://childthemes.premiumpress.com/product/pink-shopper/,http://sp1.wlthemes.com/?skin=basic_shop_pink,,Vacation Time,
http://childthemes.premiumpress.com/product/pet-shop/,http://sp1.wlthemes.com/?skin=basic_PetShop,,Red Shopper,
http://childthemes.premiumpress.com/product/purple-shopper/,http://sp1.wlthemes.com/?skin=basic_shop_purple,,Horse Classifieds,
http://childthemes.premiumpress.com/product/talltrees/,http://dp1.wlthemes.com/?skin=wlt_talltrees,,Tool Comparison,
http://childthemes.premiumpress.com/product/orange-shopper/,http://sp1.wlthemes.com/?skin=basic_shop_orange,,Blue Cosmos,
http://childthemes.premiumpress.com/product/brown-shopper/,http://sp1.wlthemes.com/?skin=basic_shop_brown,,Wow Pink,
http://childthemes.premiumpress.com/product/compare-shop/,http://cm1.wlthemes.com/?skin=basic_CompareShop,,News Top,
http://childthemes.premiumpress.com/product/lets-cook/,http://dp1.wlthemes.com/?skin=wlt_letscook,,Green Diamond,
http://childthemes.premiumpress.com/product/dark-green-shopper/,http://sp1.wlthemes.com/?skin=basic_shop_dark_green,,Blue Shopper,
http://childthemes.premiumpress.com/product/horse-classifieds/,http://ct1.wlthemes.com/?skin=classifieds_horses,,Caesar,
http://childthemes.premiumpress.com/product/light-green-shopper/,http://sp1.wlthemes.com/?skin=basic_shop_light_green,,Computer Shop,
